"{name:""",관짝댄스,.gif,", ","keyword:[""",관짝댄스,],"},","{name:""관짝댄스.gif, keyword:[""관짝댄스]},"
"{name:""",관짝댄스2,.gif,", ","keyword:[""",관짝댄스2,],"},","{name:""관짝댄스2.gif, keyword:[""관짝댄스2]},"
"{name:""",관짝준비,.gif,", ","keyword:[""",관짝준비,],"},","{name:""관짝준비.gif, keyword:[""관짝준비]},"
"{name:""",굳건댄스,.gif,", ","keyword:[""",굳건댄스,],"},","{name:""굳건댄스.gif, keyword:[""굳건댄스]},"
"{name:""",다오,.gif,", ","keyword:[""",다오,],"},","{name:""다오.gif, keyword:[""다오]},"
"{name:""",댕댕이,.gif,", ","keyword:[""",댕댕이,],"},","{name:""댕댕이.gif, keyword:[""댕댕이]},"
"{name:""",세미놀람,.gif,", ","keyword:[""",세미놀람,],"},","{name:""세미놀람.gif, keyword:[""세미놀람]},"
"{name:""",세미물음표,.gif,", ","keyword:[""",세미물음표,],"},","{name:""세미물음표.gif, keyword:[""세미물음표]},"
"{name:""",소련볼물량,.gif,", ","keyword:[""",소련볼물량,],"},","{name:""소련볼물량.gif, keyword:[""소련볼물량]},"
"{name:""",야옹,.gif,", ","keyword:[""",야옹,],"},","{name:""야옹.gif, keyword:[""야옹]},"
"{name:""",야인시대4달라,.jpg,", ","keyword:[""",야인시대4달라,],"},","{name:""야인시대4달라.jpg, keyword:[""야인시대4달라]},"
"{name:""",야인시대상하이조,.gif,", ","keyword:[""",야인시대상하이조,],"},","{name:""야인시대상하이조.gif, keyword:[""야인시대상하이조]},"
"{name:""",야인시대오케이땡큐,.png,", ","keyword:[""",야인시대오케이땡큐,],"},","{name:""야인시대오케이땡큐.png, keyword:[""야인시대오케이땡큐]},"
"{name:""",요시달리기,.gif,", ","keyword:[""",요시달리기,],"},","{name:""요시달리기.gif, keyword:[""요시달리기]},"
"{name:""",요시웃음,.gif,", ","keyword:[""",요시웃음,],"},","{name:""요시웃음.gif, keyword:[""요시웃음]},"
"{name:""",우리핵박수,.gif,", ","keyword:[""",우리핵박수,],"},","{name:""우리핵박수.gif, keyword:[""우리핵박수]},"
"{name:""",제리감사,.gif,", ","keyword:[""",제리감사,],"},","{name:""제리감사.gif, keyword:[""제리감사]},"
"{name:""",제리실화냐,.gif,", ","keyword:[""",제리실화냐,],"},","{name:""제리실화냐.gif, keyword:[""제리실화냐]},"
"{name:""",제리아하하,.gif,", ","keyword:[""",제리아하하,],"},","{name:""제리아하하.gif, keyword:[""제리아하하]},"
"{name:""",주먹,.gif,", ","keyword:[""",주먹,],"},","{name:""주먹.gif, keyword:[""주먹]},"
"{name:""",초롱초롱,.gif,", ","keyword:[""",초롱초롱,],"},","{name:""초롱초롱.gif, keyword:[""초롱초롱]},"
"{name:""",치킨가이,.gif,", ","keyword:[""",치킨가이,],"},","{name:""치킨가이.gif, keyword:[""치킨가이]},"
"{name:""",카트캐롤아잉,.gif,", ","keyword:[""",카트캐롤아잉,],"},","{name:""카트캐롤아잉.gif, keyword:[""카트캐롤아잉]},"
"{name:""",톰감사,.gif,", ","keyword:[""",톰감사,],"},","{name:""톰감사.gif, keyword:[""톰감사]},"
"{name:""",톰괭이,.gif,", ","keyword:[""",톰괭이,],"},","{name:""톰괭이.gif, keyword:[""톰괭이]},"
"{name:""",톰박수,.gif,", ","keyword:[""",톰박수,],"},","{name:""톰박수.gif, keyword:[""톰박수]},"
"{name:""",톰반대,.gif,", ","keyword:[""",톰반대,],"},","{name:""톰반대.gif, keyword:[""톰반대]},"
"{name:""",펀쿨끄덕,.gif,", ","keyword:[""",펀쿨끄덕,],"},","{name:""펀쿨끄덕.gif, keyword:[""펀쿨끄덕]},"
"{name:""",펄럭,.gif,", ","keyword:[""",펄럭,],"},","{name:""펄럭.gif, keyword:[""펄럭]},"
"{name:""",페페기대,.png,", ","keyword:[""",페페기대,],"},","{name:""페페기대.png, keyword:[""페페기대]},"
"{name:""",페페앵그리,.gif,", ","keyword:[""",페페앵그리,],"},","{name:""페페앵그리.gif, keyword:[""페페앵그리]},"
"{name:""",페페팝콘,.gif,", ","keyword:[""",페페팝콘,],"},","{name:""페페팝콘.gif, keyword:[""페페팝콘]},"
"{name:""",한국볼크,.gif,", ","keyword:[""",한국볼크,],"},","{name:""한국볼크.gif, keyword:[""한국볼크]},"
"{name:""",한국볼펄럭,.png,", ","keyword:[""",한국볼펄럭,],"},","{name:""한국볼펄럭.png, keyword:[""한국볼펄럭]},"
"{name:""",함정,.png,", ","keyword:[""",함정,],},"{name:""함정.png, keyword:[""함정]}"
